videos/input_video_3.mp4,15,0.002,0,5.8912001,5.7912848,3.0541089
videos/input_video_3.mp4,15,0.002,2,6.5124888,6.9764011,1.7574558
videos/input_video_3.mp4,15,0.002,3,6.483032,6.2259922,2.2285292
videos/input_video_3.mp4,15,0.002,4,6.362391,6.2166319,1.0157268
videos/input_video_3.mp4,15,0.004,0,6.2966218,5.8714423,3.1550882
videos/input_video_3.mp4,15,0.004,2,6.2559752,6.1107218,1.7913938
videos/input_video_3.mp4,15,0.004,3,6.2687781,6.1013651,2.1463583
videos/input_video_3.mp4,15,0.004,4,6.3690031,6.0127902,1.0078721
videos/input_video_3.mp4,15,0.006,0,6.119719,5.8890073,3.109961
videos/input_video_3.mp4,15,0.006,2,6.353327,5.708147,1.744786
videos/input_video_3.mp4,15,0.006,3,6.3375378,5.9496171,2.1970088
videos/input_video_3.mp4,15,0.006,4,6.326844,5.7310171,0.9077911
videos/input_video_3.mp4,15,0.008,0,6.1073172,5.79667,3.1250157
videos/input_video_3.mp4,15,0.008,2,6.2340901,5.685961,1.9613121
videos/input_video_3.mp4,15,0.008,3,6.2923341,5.8704278,2.2680209
videos/input_video_3.mp4,15,0.008,4,6.3175931,5.7677047,1.112597
videos/input_video_3.mp4,15,0.01,0,6.1137199,5.5733402,3.1394989
videos/input_video_3.mp4,15,0.01,2,6.2290628,5.4547489,1.7904022
videos/input_video_3.mp4,15,0.01,3,6.3227782,5.6960011,2.1204441
videos/input_video_3.mp4,15,0.01,4,6.736959,5.4309828,0.944525
videos/input_video_3.mp4,25,0.002,0,9.907434,9.5580881,4.91729
videos/input_video_3.mp4,25,0.002,2,10.8557673,9.1616809,2.79228
videos/input_video_3.mp4,25,0.002,3,10.0576997,9.4077382,3.5525579
videos/input_video_3.mp4,25,0.002,4,10.0669019,9.114902,1.9213963
videos/input_video_3.mp4,25,0.004,0,9.639842,8.4466431,5.6808078
videos/input_video_3.mp4,25,0.004,2,10.0522039,8.3317351,2.6883228
videos/input_video_3.mp4,25,0.004,3,10.365371,8.657527,3.4120052
videos/input_video_3.mp4,25,0.004,4,10.1820509,8.2707353,1.5731621
videos/input_video_3.mp4,25,0.006,0,9.808567,8.1039219,4.8138759
videos/input_video_3.mp4,25,0.006,2,10.1176209,7.4578853,2.4865251
videos/input_video_3.mp4,25,0.006,3,10.0546787,7.9544048,3.5328698
videos/input_video_3.mp4,25,0.006,4,10.194165,7.4902129,2.0945182
videos/input_video_3.mp4,25,0.008,0,9.7178218,7.9297621,4.9455338
videos/input_video_3.mp4,25,0.008,2,10.4384604,7.497308,2.6248069
videos/input_video_3.mp4,25,0.008,3,10.020798,7.4650331,3.9731612
videos/input_video_3.mp4,25,0.008,4,10.054523,6.9437649,1.6522748
videos/input_video_3.mp4,25,0.01,0,9.6644051,7.6013291,4.8050549
videos/input_video_3.mp4,25,0.01,2,10.0246491,6.6502481,2.7238159
videos/input_video_3.mp4,25,0.01,3,10.1819031,7.1562119,3.6410732
videos/input_video_3.mp4,25,0.01,4,10.1097672,6.2644999,1.630511
videos/input_video_3.mp4,35,0.002,0,12.8469079,10.664597,6.193356
videos/input_video_3.mp4,35,0.002,2,13.4291279,10.1958659,3.23488
videos/input_video_3.mp4,35,0.002,3,13.353488,10.5125072,4.5256341
videos/input_video_3.mp4,35,0.002,4,13.5177228,10.074584,1.8756559
videos/input_video_3.mp4,35,0.004,0,13.1843879,10.4741693,6.1331968
videos/input_video_3.mp4,35,0.004,2,13.6873519,9.7089009,3.5132768
videos/input_video_3.mp4,35,0.004,3,13.2880468,10.1194859,4.4005549
videos/input_video_3.mp4,35,0.004,4,13.348716,9.2226708,2.3043089
videos/input_video_3.mp4,35,0.006,0,13.4133401,9.9024601,6.0439909
videos/input_video_3.mp4,35,0.006,2,13.243875,9.2380028,3.3554509
videos/input_video_3.mp4,35,0.006,3,13.2115488,9.3700709,4.5466759
videos/input_video_3.mp4,35,0.006,4,13.56127,8.9229171,2.190084
videos/input_video_3.mp4,35,0.008,0,12.7805009,9.744947,6.0053999
videos/input_video_3.mp4,35,0.008,2,13.387455,8.7707901,3.4231429
videos/input_video_3.mp4,35,0.008,3,13.7952571,9.3227661,4.6223927
videos/input_video_3.mp4,35,0.008,4,13.7330272,8.5242171,2.200175
videos/input_video_3.mp4,35,0.01,0,12.8574841,9.4911928,6.228781
videos/input_video_3.mp4,35,0.01,2,13.2673352,8.6698592,3.3807378
videos/input_video_3.mp4,35,0.01,3,13.5689437,9.2495692,4.5105989
videos/input_video_3.mp4,35,0.01,4,14.1445239,8.318615,2.3340909
videos/input_video_3.mp4,45,0.002,0,16.2857537,12.049947,7.4003162
videos/input_video_3.mp4,45,0.002,2,16.8985739,11.1819959,4.090045
videos/input_video_3.mp4,45,0.002,3,17.0070431,11.7275872,5.5502331
videos/input_video_3.mp4,45,0.002,4,17.1045241,10.7221341,2.65516
videos/input_video_3.mp4,45,0.004,0,16.1992919,12.2410481,7.3164792
videos/input_video_3.mp4,45,0.004,2,16.812511,11.3094471,4.3947351
videos/input_video_3.mp4,45,0.004,3,16.769803,11.592382,5.0257432
videos/input_video_3.mp4,45,0.004,4,17.4246838,10.6405239,2.8848169
videos/input_video_3.mp4,45,0.006,0,16.299751,12.040118,7.3867702
videos/input_video_3.mp4,45,0.006,2,16.786253,10.9060481,4.7299442
videos/input_video_3.mp4,45,0.006,3,16.8914361,11.5347788,5.308943
videos/input_video_3.mp4,45,0.006,4,17.0870359,10.5993967,2.7727339
videos/input_video_3.mp4,45,0.008,0,16.3345332,12.0247574,7.390156
videos/input_video_3.mp4,45,0.008,2,16.7829611,10.811244,3.939755
videos/input_video_3.mp4,45,0.008,3,16.7524219,11.3514688,5.1749718
videos/input_video_3.mp4,45,0.008,4,16.978826,10.5101562,2.5132511
videos/input_video_3.mp4,45,0.01,0,16.342262,12.11532,7.4448233
videos/input_video_3.mp4,45,0.01,2,16.804409,10.9834971,4.0779619
videos/input_video_3.mp4,45,0.01,3,16.675842,11.3901699,5.4920912
videos/input_video_3.mp4,45,0.01,4,17.0057468,10.3564432,2.719636
